item,choice0,choice1,choice2,choice3
61010171,convinced,sociable,resentful,luring
61010172,jaded,blank,resentful,oppressive
61010173,bewildered,resentful,modest,pitying
61011041,assertive,calculating,stern,insincere
61011042,stern,sociable,distraught,condemned
61011043,tortured,resigned,stern,infuriated
61020192,blank,resigned,deserted,grave
61020193,grave,complacent,judgmental,seductive
61020351,condescending,blank,subdued,invigorated
61020353,empty,jubilant,subdued,grave
61030581,rejecting,exonerated,vacant,deserted
61030582,exonerated,terrorised,empty,discouraging
61030583,sentimental,assertive,exonerated,fantasising
61060191,oppressive,vibrant,unenthusiastic,uneasy
61060192,intimidated,unconcerned,uneasy,bewildered
61070301,Vigilant,grave,empathic,resigned
61070302,refreshed,empathic,resigned,concealing
61070303,overcome,inadequate,empathic,hysterical
61080221,unconcerned,tortured,tense,vibrant
61080223,terrorised,condemned,empathic,vibrant
61090331,hysterical,lured,provoked,passive
61090332,lured,pitying,grave,vague
61090333,restless,invigorated,lured,bitter
61100472,subservient,admiring,miffed,provoked
61100473,tense,subservient,empty,intimate
61110141,overcome,inattentive,appalled,complacent
61110142,appalled,modest,pitiless,cocky
61110143,cynical,pining,unreceptive,appalled
61120271,confronted,congratulatory,grave,agonising
61120272,affinity,pitying,confronted,complacent
61120273,flattering,confronted,reassured,remote
61140091,intimate,carefree,tortured,inadequate
61140093,determined,ruffled,intimate,daunted
61170081,demoralised,insincere,miffed,spellbound
61170082,distraught,insincere,unfocused,contradictory
61190021,pestered,pitiless,discomforted,appealing
61190022,humble,triumphant,assertive,appealing
61200101,empathic,mortified,inattentive,assertive
61200103,cautious,jaded,mortified,grieving
61210012,brazen,oppressive,guarded,infuriated
61210013,humble,distaste,guarded,agonising
61220031,offended,distaste,vigilant,complacent
61220032,admiring,needled,distaste,inattentive
61220033,flattering,distaste,blank,mystified
61230051,exonerated,devastated,nostalgic,calculating
61230052,cherishing,nostalgic,hysterical,condemning
61230053,neglected,invigorated,downtrodden,nostalgic
61240261,luring,empty,reassured,nostalgic
61240262,entrancing,alert,reassured,blank
61240263,comprehending,reassured,vulnerable,invigorated