﻿gender,img,choice0,choice1,choice2,choice3,answer,answer_js
M ,P ,jealous ,panicked ,arrogant ,hateful ,2,1
M ,1,playful ,comforting ,irritated ,bored ,1,0
M ,2,terrified ,upset ,arrogant ,annoyed ,2,1
F ,3,joking ,flustered ,desire ,convinced ,3,2
M ,4,joking ,insisting ,amused ,relaxed ,2,1
M ,5,irritated ,sarcastic ,worried ,friendly ,3,2
F ,6,aghast ,fantasizing ,impatient ,alarmed ,2,1
M ,7,apologetic ,friendly ,uneasy ,dispirited ,3,2
M ,8,despondent ,relieved ,shy ,excited ,1,0
F ,9,annoyed ,hostile ,horrified ,preoccupied ,4,3
M ,10,cautious ,insisting ,bored ,aghast ,1,0
M ,11,terrified ,amused ,regretful ,flirtatious ,3,2
M ,12,indifferent ,embarrassed ,sceptical ,dispirited ,3,2
M ,13,decisive ,anticipating ,threatening ,shy ,2,1
M ,14,irritated ,disappointed ,depressed ,accusing ,4,3
F ,15,contemplative ,flustered ,encouraging ,amused ,1,0
M ,16,irritated ,thoughtful ,encouraging ,sympathetic ,2,1
F ,17,doubtful ,affectionate ,playful ,aghast ,1,0
F ,18,decisive ,amused ,aghast ,bored ,1,0
F ,19,arrogant ,grateful ,sarcastic ,tentative ,4,3
M ,20,dominant ,friendly ,guilty ,horrified ,2,1
F ,21,embarrassed ,fantasizing ,confused ,panicked ,2,1
F ,22,preoccupied ,grateful ,insisting ,imploring ,1,0
M ,23,contented ,apologetic ,defiant ,curious ,3,2
M ,24,pensive ,irritated ,excited ,hostile ,1,0
F ,25,panicked ,incredulous ,despondent ,interested ,4,3
M ,26,alarmed ,shy ,hostile ,anxious ,3,2
F ,27,joking ,cautious ,arrogant ,reassuring ,2,1
F ,28,interested ,joking ,affectionate ,contented ,1,0
F ,29,impatient ,aghast ,irritated ,reflective ,4,3
F ,30,grateful ,flirtatious ,hostile ,disappointed ,2,1
F ,31,ashamed ,confident ,joking ,dispirited ,2,1
M ,32,serious ,ashamed ,bewildered ,alarmed ,1,0
M ,33,embarrassed ,guilty ,fantasizing ,concerned ,4,3
F ,34,aghast ,baffled ,distrustful ,terrified ,3,2
F ,35,puzzled ,nervous ,insisting ,contemplative,2,1
M ,36,ashamed ,nervous ,suspicious ,indecisive ,3,2